<?xml version="1.0" encoding="UTF-8"?>
<actions>
        <action>
            <actionName>build</actionName>
            <packagings>
                <packaging>*</packaging>
            </packagings>
            <goals>
                <goal>install</goal>
                
            </goals>
        </action>
        <action>
            <actionName>rebuild</actionName>
            <packagings>
                <packaging>*</packaging>
            </packagings>
            <goals>
                <goal>clean</goal>
                <goal>install</goal>
                
            </goals>
        </action>
        <action>
            <actionName>build-with-dependencies</actionName>
            <reactor>also-make</reactor>
            <packagings>
                <packaging>*</packaging>
            </packagings>
            <goals>
                <goal>install</goal>
                <goal>package</goal>
            </goals>
        </action>
        <action>
            <actionName>run</actionName>
            <packagings>
                <packaging>jar</packaging>
            </packagings>
            <goals>
                <goal>process-classes</goal>
                <goal>org.codehaus.mojo:exec-maven-plugin:1.2.1:exec</goal>
            </goals>
            <properties>
                <exec.args>-XX:MaxDirectMemorySize=8128m -Xms1024m -Xmx61436m -classpath %classpath ${packageClassName}</exec.args>
                <exec.executable>java</exec.executable>
            </properties>
        </action>
        <action>
            <actionName>debug</actionName>
            <packagings>
                <packaging>jar</packaging>
            </packagings>
            <goals>
                <goal>process-classes</goal>
                <goal>org.codehaus.mojo:exec-maven-plugin:1.2.1:exec</goal>
            </goals>
            <properties>
                <exec.args>-agentlib:jdwp=transport=dt_socket,server=n,address=${jpda.address} -XX:MaxDirectMemorySize=8128m -Xms1024m -Xmx61436m -classpath %classpath ${packageClassName}</exec.args>
                <exec.executable>java</exec.executable>
                <jpda.listen>true</jpda.listen>
            </properties>
        </action>
        <action>
            <actionName>profile</actionName>
            <packagings>
                <packaging>jar</packaging>
            </packagings>
            <goals>
                <goal>process-classes</goal>
                <goal>org.codehaus.mojo:exec-maven-plugin:1.2.1:exec</goal>
            </goals>
            <properties>
                <exec.args>-XX:MaxDirectMemorySize=8128m -Xms1024m -Xmx61436m -classpath %classpath ${packageClassName}</exec.args>
                <exec.executable>java</exec.executable>
            </properties>
        </action>
        <action>
            <actionName>test.single</actionName>
            <packagings>
                <packaging>*</packaging>
            </packagings>
            <goals>
                <goal>test-compile</goal>
                <goal>surefire:test</goal>
            </goals>
            <properties>
                <test>${packageClassName}</test>
                
                
                
                
            </properties>
        </action>
    </actions>
